"{'estacion': 'PCOB', 'canal': 'HNN', 'marca': 'NANOMETRICS', 'PromedioLat': Decimal('1.051622'), 'PromedioDiff': Decimal('0.004425')}"
"{'estacion': 'AALA', 'canal': '00.HNE', 'marca': 'GURALP', 'PromedioLat': Decimal('5.143911'), 'PromedioDiff': Decimal('2.707749')}"
"{'estacion': 'AALA', 'canal': '00.HNN', 'marca': 'GURALP', 'PromedioLat': Decimal('5.121033'), 'PromedioDiff': Decimal('2.706273')}"
"{'estacion': 'AALA', 'canal': '00.HNZ', 'marca': 'GURALP', 'PromedioLat': Decimal('4.969742'), 'PromedioDiff': Decimal('2.771218')}"
"{'estacion': 'AANG', 'canal': 'HNE', 'marca': 'NANOMETRICS', 'PromedioLat': Decimal('1.478229'), 'PromedioDiff': Decimal('0.011070')}"
"{'estacion': 'AANG', 'canal': 'HNN', 'marca': 'NANOMETRICS', 'PromedioLat': Decimal('1.469373'), 'PromedioDiff': Decimal('0.002214')}"
"{'estacion': 'AANG', 'canal': 'HNZ', 'marca': 'NANOMETRICS', 'PromedioLat': Decimal('1.464945'), 'PromedioDiff': Decimal('0.008118')}"
"{'estacion': 'AATN', 'canal': 'HNE', 'marca': 'NANOMETRICS', 'PromedioLat': Decimal('1.118819'), 'PromedioDiff': Decimal('0.028044')}"
"{'estacion': 'AATN', 'canal': 'HNN', 'marca': 'NANOMETRICS', 'PromedioLat': Decimal('1.074539'), 'PromedioDiff': Decimal('0.022878')}"
"{'estacion': 'AATN', 'canal': 'HNZ', 'marca': 'NANOMETRICS', 'PromedioLat': Decimal('1.101107'), 'PromedioDiff': Decimal('0.030996')}"
"{'estacion': 'AAZR', 'canal': '11.HNZ', 'marca': 'REFTEK', 'PromedioLat': Decimal('1.228782'), 'PromedioDiff': Decimal('0.022878')}"
"{'estacion': 'AAZR', 'canal': '12.HNN', 'marca': 'REFTEK', 'PromedioLat': Decimal('1.593358'), 'PromedioDiff': Decimal('-0.000738')}"
"{'estacion': 'AAZR', 'canal': '13.HNE', 'marca': 'REFTEK', 'PromedioLat': Decimal('1.352030'), 'PromedioDiff': Decimal('0.017712')}"
"{'estacion': 'ACLH', 'canal': 'HNE', 'marca': 'REFTEK', 'PromedioLat': Decimal('6.768266'), 'PromedioDiff': Decimal('4.363838')}"
"{'estacion': 'ACLH', 'canal': 'HNN', 'marca': 'REFTEK', 'PromedioLat': Decimal('6.690775'), 'PromedioDiff': Decimal('4.279705')}"
"{'estacion': 'ACLH', 'canal': 'HNZ', 'marca': 'REFTEK', 'PromedioLat': Decimal('6.681919'), 'PromedioDiff': Decimal('4.250185')}"
"{'estacion': 'ACLS', 'canal': 'HNE', 'marca': 'NANOMETRICS', 'PromedioLat': Decimal('1.780074'), 'PromedioDiff': Decimal('-0.000738')}"
"{'estacion': 'ACLS', 'canal': 'HNN', 'marca': 'NANOMETRICS', 'PromedioLat': Decimal('1.776384'), 'PromedioDiff': Decimal('0.000000')}"
"{'estacion': 'ACLS', 'canal': 'HNZ', 'marca': 'NANOMETRICS', 'PromedioLat': Decimal('1.746863'), 'PromedioDiff': Decimal('0.002214')}"
"{'estacion': 'ACOY', 'canal': 'HNE', 'marca': 'REFTEK', 'PromedioLat': Decimal('3.708487'), 'PromedioDiff': Decimal('1.743911')}"
"{'estacion': 'ACOY', 'canal': 'HNN', 'marca': 'REFTEK', 'PromedioLat': Decimal('3.646494'), 'PromedioDiff': Decimal('1.698155')}"
"{'estacion': 'ACOY', 'canal': 'HNZ', 'marca': 'REFTEK', 'PromedioLat': Decimal('3.942435'), 'PromedioDiff': Decimal('1.626568')}"
"{'estacion': None, 'canal': None, 'marca': None, 'PromedioLat': None, 'PromedioDiff': None}"
"{'estacion': None, 'canal': None, 'marca': None, 'PromedioLat': None, 'PromedioDiff': None}"
"{'estacion': None, 'canal': None, 'marca': None, 'PromedioLat': None, 'PromedioDiff': None}"
"{'estacion': 'AGRE', 'canal': 'HNE', 'marca': 'NANOMETRICS', 'PromedioLat': Decimal('0.946125'), 'PromedioDiff': Decimal('0.008118')}"
"{'estacion': 'AGRE', 'canal': 'HNN', 'marca': 'NANOMETRICS', 'PromedioLat': Decimal('0.994834'), 'PromedioDiff': Decimal('0.003690')}"
"{'estacion': 'AGRE', 'canal': 'HNZ', 'marca': 'NANOMETRICS', 'PromedioLat': Decimal('0.847970'), 'PromedioDiff': Decimal('0.002952')}"
"{'estacion': 'AGRH', 'canal': 'HNE', 'marca': 'REFTEK', 'PromedioLat': Decimal('6.360886'), 'PromedioDiff': Decimal('4.184502')}"
"{'estacion': 'AGRH', 'canal': 'HNN', 'marca': 'REFTEK', 'PromedioLat': Decimal('6.250923'), 'PromedioDiff': Decimal('4.147601')}"
"{'estacion': 'AGRH', 'canal': 'HNZ', 'marca': 'REFTEK', 'PromedioLat': Decimal('6.244280'), 'PromedioDiff': Decimal('4.185978')}"
"{'estacion': 'AGTS', 'canal': 'HNE', 'marca': 'NANOMETRICS', 'PromedioLat': Decimal('1.047970'), 'PromedioDiff': Decimal('0.005904')}"
"{'estacion': 'AGTS', 'canal': 'HNN', 'marca': 'NANOMETRICS', 'PromedioLat': Decimal('1.018450'), 'PromedioDiff': Decimal('0.003690')}"
"{'estacion': 'AGTS', 'canal': 'HNZ', 'marca': 'NANOMETRICS', 'PromedioLat': Decimal('1.035424'), 'PromedioDiff': Decimal('0.000000')}"
"{'estacion': 'AJCR', 'canal': 'HNE', 'marca': 'NANOMETRICS', 'PromedioLat': Decimal('2.316605'), 'PromedioDiff': Decimal('1.014760')}"
"{'estacion': 'AJCR', 'canal': 'HNN', 'marca': 'NANOMETRICS', 'PromedioLat': Decimal('2.342435'), 'PromedioDiff': Decimal('1.014022')}"
"{'estacion': 'AJCR', 'canal': 'HNZ', 'marca': 'NANOMETRICS', 'PromedioLat': Decimal('2.193358'), 'PromedioDiff': Decimal('1.014022')}"
"{'estacion': 'ALCA', 'canal': 'HNE', 'marca': 'NANOMETRICS', 'PromedioLat': Decimal('2.809594'), 'PromedioDiff': Decimal('0.090775')}"
"{'estacion': 'ALCA', 'canal': 'HNN', 'marca': 'NANOMETRICS', 'PromedioLat': Decimal('2.746863'), 'PromedioDiff': Decimal('0.133579')}"
"{'estacion': 'ALCA', 'canal': 'HNZ', 'marca': 'NANOMETRICS', 'PromedioLat': Decimal('2.704797'), 'PromedioDiff': Decimal('0.143911')}"
"{'estacion': 'AORT', 'canal': 'HNE', 'marca': 'NANOMETRICS', 'PromedioLat': Decimal('10.436900'), 'PromedioDiff': Decimal('0.042066')}"
"{'estacion': 'AORT', 'canal': 'HNN', 'marca': 'NANOMETRICS', 'PromedioLat': Decimal('10.433210'), 'PromedioDiff': Decimal('0.036900')}"
"{'estacion': 'AORT', 'canal': 'HNZ', 'marca': 'NANOMETRICS', 'PromedioLat': Decimal('10.431734'), 'PromedioDiff': Decimal('0.029520')}"
"{'estacion': 'APMR', 'canal': '00.HNE', 'marca': 'GURALP', 'PromedioLat': Decimal('5.247970'), 'PromedioDiff': Decimal('2.827306')}"
"{'estacion': 'APMR', 'canal': '00.HNN', 'marca': 'GURALP', 'PromedioLat': Decimal('5.238376'), 'PromedioDiff': Decimal('2.713653')}"
"{'estacion': 'APMR', 'canal': '00.HNZ', 'marca': 'GURALP', 'PromedioLat': Decimal('4.853875'), 'PromedioDiff': Decimal('2.786716')}"
"{'estacion': 'ARCT', 'canal': '11.HNZ', 'marca': 'GURALP', 'PromedioLat': Decimal('1.349077'), 'PromedioDiff': Decimal('0.027306')}"
"{'estacion': 'ARCT', 'canal': '12.HNN', 'marca': 'GURALP', 'PromedioLat': Decimal('1.406642'), 'PromedioDiff': Decimal('0.025092')}"
"{'estacion': 'ARCT', 'canal': '13.HNE', 'marca': 'GURALP', 'PromedioLat': Decimal('1.460517'), 'PromedioDiff': Decimal('0.030996')}"
"{'estacion': 'ASCH', 'canal': 'HNE', 'marca': 'REFTEK', 'PromedioLat': Decimal('6.566052'), 'PromedioDiff': Decimal('4.569004')}"
"{'estacion': 'ASCH', 'canal': 'HNN', 'marca': 'REFTEK', 'PromedioLat': Decimal('6.580074'), 'PromedioDiff': Decimal('4.632472')}"
"{'estacion': 'ASCH', 'canal': 'HNZ', 'marca': 'REFTEK', 'PromedioLat': Decimal('6.569742'), 'PromedioDiff': Decimal('4.277491')}"
"{'estacion': 'ASRH', 'canal': 'HNE', 'marca': 'REFTEK', 'PromedioLat': Decimal('6.802214'), 'PromedioDiff': Decimal('4.794834')}"
"{'estacion': 'ASRH', 'canal': 'HNN', 'marca': 'REFTEK', 'PromedioLat': Decimal('6.730627'), 'PromedioDiff': Decimal('4.867897')}"
"{'estacion': 'ASRH', 'canal': 'HNZ', 'marca': 'REFTEK', 'PromedioLat': Decimal('6.735055'), 'PromedioDiff': Decimal('4.761624')}"
"{'estacion': 'ASRM', 'canal': 'HNE', 'marca': 'NANOMETRICS', 'PromedioLat': Decimal('0.940959'), 'PromedioDiff': Decimal('-0.004428')}"
"{'estacion': 'ASRM', 'canal': 'HNN', 'marca': 'NANOMETRICS', 'PromedioLat': Decimal('0.809594'), 'PromedioDiff': Decimal('-0.005904')}"
"{'estacion': 'ASRM', 'canal': 'HNZ', 'marca': 'NANOMETRICS', 'PromedioLat': Decimal('0.796310'), 'PromedioDiff': Decimal('-0.004428')}"
"{'estacion': 'AUPA', 'canal': 'HNE', 'marca': 'NANOMETRICS', 'PromedioLat': Decimal('0.958672'), 'PromedioDiff': Decimal('-0.004428')}"
"{'estacion': 'AUPA', 'canal': 'HNN', 'marca': 'NANOMETRICS', 'PromedioLat': Decimal('0.914391'), 'PromedioDiff': Decimal('-0.002952')}"
"{'estacion': 'AUPA', 'canal': 'HNZ', 'marca': 'NANOMETRICS', 'PromedioLat': Decimal('0.915129'), 'PromedioDiff': Decimal('-0.005166')}"
"{'estacion': 'AUPH', 'canal': 'HNE', 'marca': 'REFTEK', 'PromedioLat': Decimal('5.743173'), 'PromedioDiff': Decimal('3.977860')}"
"{'estacion': 'AUPH', 'canal': 'HNN', 'marca': 'REFTEK', 'PromedioLat': Decimal('5.749077'), 'PromedioDiff': Decimal('3.980074')}"
"{'estacion': 'AUPH', 'canal': 'HNZ', 'marca': 'REFTEK', 'PromedioLat': Decimal('5.702583'), 'PromedioDiff': Decimal('3.533579')}"
"{'estacion': 'BFB0', 'canal': '00.HNE', 'marca': 'GURALP', 'PromedioLat': Decimal('4.950554'), 'PromedioDiff': Decimal('2.510701')}"
"{'estacion': 'BFB0', 'canal': '00.HNN', 'marca': 'GURALP', 'PromedioLat': Decimal('4.980812'), 'PromedioDiff': Decimal('2.487085')}"
"{'estacion': 'BFB0', 'canal': '00.HNZ', 'marca': 'GURALP', 'PromedioLat': Decimal('4.871587'), 'PromedioDiff': Decimal('2.424354')}"
"{'estacion': 'BFB1', 'canal': '00.HNE', 'marca': 'GURALP', 'PromedioLat': Decimal('4.490037'), 'PromedioDiff': Decimal('1.965314')}"
"{'estacion': 'BFB1', 'canal': '00.HNN', 'marca': 'GURALP', 'PromedioLat': Decimal('4.445018'), 'PromedioDiff': Decimal('1.943173')}"
"{'estacion': 'BFB1', 'canal': '00.HNZ', 'marca': 'GURALP', 'PromedioLat': Decimal('4.543911'), 'PromedioDiff': Decimal('2.005166')}"
"{'estacion': 'BFR0', 'canal': '00.HNE', 'marca': 'GURALP', 'PromedioLat': Decimal('4.676015'), 'PromedioDiff': Decimal('2.225830')}"
"{'estacion': 'BFR0', 'canal': '00.HNN', 'marca': 'GURALP', 'PromedioLat': Decimal('4.720295'), 'PromedioDiff': Decimal('2.203690')}"
"{'estacion': 'BFR0', 'canal': '00.HNZ', 'marca': 'GURALP', 'PromedioLat': Decimal('4.721771'), 'PromedioDiff': Decimal('2.192620')}"
"{'estacion': 'BFR1', 'canal': '00.HNE', 'marca': 'GURALP', 'PromedioLat': Decimal('4.602952'), 'PromedioDiff': Decimal('2.064207')}"
"{'estacion': 'BFR1', 'canal': '00.HNN', 'marca': 'GURALP', 'PromedioLat': Decimal('4.543173'), 'PromedioDiff': Decimal('1.963838')}"
"{'estacion': 'BFR1', 'canal': '00.HNZ', 'marca': 'GURALP', 'PromedioLat': Decimal('4.572694'), 'PromedioDiff': Decimal('2.018450')}"
"{'estacion': 'BJL0', 'canal': '00.HNE', 'marca': 'GURALP', 'PromedioLat': Decimal('5.059041'), 'PromedioDiff': Decimal('2.625092')}"
"{'estacion': 'BJL0', 'canal': '00.HNN', 'marca': 'GURALP', 'PromedioLat': Decimal('4.995572'), 'PromedioDiff': Decimal('2.601476')}"
"{'estacion': 'BJL0', 'canal': '00.HNZ', 'marca': 'GURALP', 'PromedioLat': Decimal('5.023616'), 'PromedioDiff': Decimal('2.597786')}"
"{'estacion': 'BJL1', 'canal': '00.HNE', 'marca': 'GURALP', 'PromedioLat': Decimal('4.783026'), 'PromedioDiff': Decimal('2.254613')}"
"{'estacion': 'BJL1', 'canal': '00.HNN', 'marca': 'GURALP', 'PromedioLat': Decimal('4.721771'), 'PromedioDiff': Decimal('2.251661')}"
"{'estacion': 'BJL1', 'canal': '00.HNZ', 'marca': 'GURALP', 'PromedioLat': Decimal('4.873063'), 'PromedioDiff': Decimal('2.242066')}"
"{'estacion': 'CAVM', 'canal': 'HNE', 'marca': 'NANOMETRICS', 'PromedioLat': Decimal('0.892989'), 'PromedioDiff': Decimal('-0.001476')}"
"{'estacion': 'CAVM', 'canal': 'HNN', 'marca': 'NANOMETRICS', 'PromedioLat': Decimal('0.937269'), 'PromedioDiff': Decimal('-0.004428')}"
"{'estacion': 'CAVM', 'canal': 'HNZ', 'marca': 'NANOMETRICS', 'PromedioLat': Decimal('0.901845'), 'PromedioDiff': Decimal('-0.001476')}"
"{'estacion': 'CCDN', 'canal': '11.HNZ', 'marca': 'REFTEK', 'PromedioLat': Decimal('1.444280'), 'PromedioDiff': Decimal('0.024354')}"
"{'estacion': 'CCDN', 'canal': '12.HNN', 'marca': 'REFTEK', 'PromedioLat': Decimal('1.679705'), 'PromedioDiff': Decimal('-0.004428')}"
"{'estacion': 'CCDN', 'canal': '13.HNE', 'marca': 'REFTEK', 'PromedioLat': Decimal('1.670111'), 'PromedioDiff': Decimal('-0.002952')}"
"{'estacion': 'CCRT', 'canal': 'HNE', 'marca': 'GURALP', 'PromedioLat': Decimal('1.494465'), 'PromedioDiff': Decimal('0.198524')}"
"{'estacion': 'CCRT', 'canal': 'HNN', 'marca': 'GURALP', 'PromedioLat': Decimal('1.469373'), 'PromedioDiff': Decimal('0.196310')}"
"{'estacion': 'CCRT', 'canal': 'HNZ', 'marca': 'GURALP', 'PromedioLat': Decimal('1.371956'), 'PromedioDiff': Decimal('0.208118')}"
"{'estacion': 'CORS', 'canal': '00.HNE', 'marca': 'GURALP', 'PromedioLat': Decimal('2.156458'), 'PromedioDiff': Decimal('0.504059')}"
"{'estacion': 'CORS', 'canal': '00.HNN', 'marca': 'GURALP', 'PromedioLat': Decimal('2.105535'), 'PromedioDiff': Decimal('0.600738')}"
"{'estacion': 'CORS', 'canal': '00.HNZ', 'marca': 'GURALP', 'PromedioLat': Decimal('2.270111'), 'PromedioDiff': Decimal('1.013284')}"
"{'estacion': 'CPAR', 'canal': 'HNE', 'marca': 'NANOMETRICS', 'PromedioLat': Decimal('1.610332'), 'PromedioDiff': Decimal('0.163100')}"
"{'estacion': 'CPAR', 'canal': 'HNN', 'marca': 'NANOMETRICS', 'PromedioLat': Decimal('1.464207'), 'PromedioDiff': Decimal('0.140959')}"
"{'estacion': 'CPAR', 'canal': 'HNZ', 'marca': 'NANOMETRICS', 'PromedioLat': Decimal('1.507011'), 'PromedioDiff': Decimal('0.185978')}"
"{'estacion': 'CSLG', 'canal': 'HNE', 'marca': 'GURALP', 'PromedioLat': Decimal('1.837638'), 'PromedioDiff': Decimal('0.191882')}"
"{'estacion': 'CSLG', 'canal': 'HNN', 'marca': 'GURALP', 'PromedioLat': Decimal('1.629520'), 'PromedioDiff': Decimal('0.177122')}"
"{'estacion': 'CSLG', 'canal': 'HNZ', 'marca': 'GURALP', 'PromedioLat': Decimal('1.615498'), 'PromedioDiff': Decimal('0.225830')}"
"{'estacion': 'CSRH', 'canal': 'HNE', 'marca': 'REFTEK', 'PromedioLat': Decimal('6.047970'), 'PromedioDiff': Decimal('3.980074')}"
"{'estacion': 'CSRH', 'canal': 'HNN', 'marca': 'REFTEK', 'PromedioLat': Decimal('5.986716'), 'PromedioDiff': Decimal('3.685609')}"
"{'estacion': 'CSRH', 'canal': 'HNZ', 'marca': 'REFTEK', 'PromedioLat': Decimal('5.928413'), 'PromedioDiff': Decimal('3.598524')}"
"{'estacion': 'CTBA', 'canal': 'HNE', 'marca': 'NANOMETRICS', 'PromedioLat': Decimal('1.036900'), 'PromedioDiff': Decimal('0.006642')}"
"{'estacion': 'CTBA', 'canal': 'HNN', 'marca': 'NANOMETRICS', 'PromedioLat': Decimal('1.027306'), 'PromedioDiff': Decimal('0.002214')}"
"{'estacion': 'CTBA', 'canal': 'HNZ', 'marca': 'NANOMETRICS', 'PromedioLat': Decimal('0.960886'), 'PromedioDiff': Decimal('0.007380')}"
"{'estacion': 'CTEC', 'canal': 'HNE', 'marca': 'REFTEK', 'PromedioLat': Decimal('4.635424'), 'PromedioDiff': Decimal('2.337269')}"
"{'estacion': 'CTEC', 'canal': 'HNN', 'marca': 'REFTEK', 'PromedioLat': Decimal('4.648708'), 'PromedioDiff': Decimal('2.337269')}"
"{'estacion': 'CTEC', 'canal': 'HNZ', 'marca': 'REFTEK', 'PromedioLat': Decimal('3.707749'), 'PromedioDiff': Decimal('2.005166')}"
"{'estacion': 'CTOB', 'canal': 'HNE', 'marca': 'NANOMETRICS', 'PromedioLat': Decimal('1.007380'), 'PromedioDiff': Decimal('-0.001476')}"
"{'estacion': 'CTOB', 'canal': 'HNN', 'marca': 'NANOMETRICS', 'PromedioLat': Decimal('0.984502'), 'PromedioDiff': Decimal('-0.003690')}"
"{'estacion': 'CTOB', 'canal': 'HNZ', 'marca': 'NANOMETRICS', 'PromedioLat': Decimal('1.014022'), 'PromedioDiff': Decimal('0.001476')}"
"{'estacion': 'CWAH', 'canal': 'HNE', 'marca': 'REFTEK', 'PromedioLat': Decimal('6.583026'), 'PromedioDiff': Decimal('4.318819')}"
"{'estacion': 'CWAH', 'canal': 'HNN', 'marca': 'REFTEK', 'PromedioLat': Decimal('6.466421'), 'PromedioDiff': Decimal('4.204428')}"
"{'estacion': 'CWAH', 'canal': 'HNZ', 'marca': 'REFTEK', 'PromedioLat': Decimal('6.557934'), 'PromedioDiff': Decimal('4.299631')}"
"{'estacion': None, 'canal': None, 'marca': None, 'PromedioLat': None, 'PromedioDiff': None}"
"{'estacion': None, 'canal': None, 'marca': None, 'PromedioLat': None, 'PromedioDiff': None}"
"{'estacion': None, 'canal': None, 'marca': None, 'PromedioLat': None, 'PromedioDiff': None}"
"{'estacion': None, 'canal': None, 'marca': None, 'PromedioLat': None, 'PromedioDiff': None}"
"{'estacion': None, 'canal': None, 'marca': None, 'PromedioLat': None, 'PromedioDiff': None}"
"{'estacion': None, 'canal': None, 'marca': None, 'PromedioLat': None, 'PromedioDiff': None}"
"{'estacion': 'GCNS', 'canal': 'HNE', 'marca': 'REFTEK', 'PromedioLat': Decimal('5.031734'), 'PromedioDiff': Decimal('2.301845')}"
"{'estacion': 'GCNS', 'canal': 'HNN', 'marca': 'REFTEK', 'PromedioLat': Decimal('4.631734'), 'PromedioDiff': Decimal('2.043542')}"
"{'estacion': 'GCNS', 'canal': 'HNZ', 'marca': 'REFTEK', 'PromedioLat': Decimal('4.522509'), 'PromedioDiff': Decimal('2.003690')}"
"{'estacion': 'GJTS', 'canal': '00.HNE', 'marca': 'GURALP', 'PromedioLat': Decimal('2.771956'), 'PromedioDiff': Decimal('1.467159')}"
"{'estacion': 'GJTS', 'canal': '00.HNN', 'marca': 'GURALP', 'PromedioLat': Decimal('2.651661'), 'PromedioDiff': Decimal('1.191144')}"
"{'estacion': 'GJTS', 'canal': '00.HNZ', 'marca': 'GURALP', 'PromedioLat': Decimal('2.932841'), 'PromedioDiff': Decimal('1.729889')}"
"{'estacion': 'GLCR', 'canal': 'HNE', 'marca': 'NANOMETRICS', 'PromedioLat': Decimal('0.935055'), 'PromedioDiff': Decimal('-0.003690')}"
"{'estacion': 'GLCR', 'canal': 'HNN', 'marca': 'NANOMETRICS', 'PromedioLat': Decimal('0.965314'), 'PromedioDiff': Decimal('-0.003690')}"
"{'estacion': 'GLCR', 'canal': 'HNZ', 'marca': 'NANOMETRICS', 'PromedioLat': Decimal('0.801476'), 'PromedioDiff': Decimal('-0.002952')}"
"{'estacion': 'GLIB', 'canal': 'HNE', 'marca': 'NANOMETRICS', 'PromedioLat': Decimal('0.936531'), 'PromedioDiff': Decimal('-0.004428')}"
"{'estacion': 'GLIB', 'canal': 'HNN', 'marca': 'NANOMETRICS', 'PromedioLat': Decimal('0.973432'), 'PromedioDiff': Decimal('-0.002952')}"
"{'estacion': 'GLIB', 'canal': 'HNZ', 'marca': 'NANOMETRICS', 'PromedioLat': Decimal('0.886347'), 'PromedioDiff': Decimal('-0.004428')}"
"{'estacion': 'GLIH', 'canal': 'HNE', 'marca': 'REFTEK', 'PromedioLat': Decimal('8.977860'), 'PromedioDiff': Decimal('7.464207')}"
"{'estacion': 'GLIH', 'canal': 'HNN', 'marca': 'REFTEK', 'PromedioLat': Decimal('8.991144'), 'PromedioDiff': Decimal('7.403690')}"
"{'estacion': 'GLIH', 'canal': 'HNZ', 'marca': 'REFTEK', 'PromedioLat': Decimal('8.825092'), 'PromedioDiff': Decimal('7.523985')}"
"{'estacion': 'GNAN', 'canal': 'HNE', 'marca': 'NANOMETRICS', 'PromedioLat': Decimal('1.037638'), 'PromedioDiff': Decimal('0.006642')}"
"{'estacion': 'GNAN', 'canal': 'HNN', 'marca': 'NANOMETRICS', 'PromedioLat': Decimal('1.130627'), 'PromedioDiff': Decimal('0.010332')}"
"{'estacion': 'GNAN', 'canal': 'HNZ', 'marca': 'NANOMETRICS', 'PromedioLat': Decimal('1.057565'), 'PromedioDiff': Decimal('0.008118')}"
"{'estacion': 'GNAR', 'canal': 'HNE', 'marca': 'NANOMETRICS', 'PromedioLat': Decimal('2.114391'), 'PromedioDiff': Decimal('0.004428')}"
"{'estacion': 'GNAR', 'canal': 'HNN', 'marca': 'NANOMETRICS', 'PromedioLat': Decimal('2.194834'), 'PromedioDiff': Decimal('0.075277')}"
"{'estacion': 'GNAR', 'canal': 'HNZ', 'marca': 'NANOMETRICS', 'PromedioLat': Decimal('2.098155'), 'PromedioDiff': Decimal('0.004428')}"
"{'estacion': 'GNH1', 'canal': 'HNE', 'marca': 'REFTEK', 'PromedioLat': Decimal('5.941697'), 'PromedioDiff': Decimal('3.717343')}"
"{'estacion': 'GNH1', 'canal': 'HNN', 'marca': 'REFTEK', 'PromedioLat': Decimal('5.883395'), 'PromedioDiff': Decimal('3.648708')}"
"{'estacion': 'GNH1', 'canal': 'HNZ', 'marca': 'REFTEK', 'PromedioLat': Decimal('5.591144'), 'PromedioDiff': Decimal('3.903321')}"
"{'estacion': 'GNH5', 'canal': 'HNE', 'marca': 'REFTEK', 'PromedioLat': Decimal('6.936531'), 'PromedioDiff': Decimal('4.685609')}"
"{'estacion': 'GNH5', 'canal': 'HNN', 'marca': 'REFTEK', 'PromedioLat': Decimal('6.842804'), 'PromedioDiff': Decimal('4.577122')}"
"{'estacion': 'GNH5', 'canal': 'HNZ', 'marca': 'REFTEK', 'PromedioLat': Decimal('6.830996'), 'PromedioDiff': Decimal('4.676015')}"
"{'estacion': 'GNSR', 'canal': 'HNE', 'marca': 'NANOMETRICS', 'PromedioLat': Decimal('1.106273'), 'PromedioDiff': Decimal('-0.002952')}"
"{'estacion': 'GNSR', 'canal': 'HNN', 'marca': 'NANOMETRICS', 'PromedioLat': Decimal('1.112915'), 'PromedioDiff': Decimal('-0.000738')}"
"{'estacion': 'GNSR', 'canal': 'HNZ', 'marca': 'NANOMETRICS', 'PromedioLat': Decimal('1.063469'), 'PromedioDiff': Decimal('-0.002214')}"
"{'estacion': 'GNYA', 'canal': 'HNE', 'marca': 'REFTEK', 'PromedioLat': Decimal('4.183764'), 'PromedioDiff': Decimal('2.209594')}"
"{'estacion': 'GNYA', 'canal': 'HNN', 'marca': 'REFTEK', 'PromedioLat': Decimal('3.804428'), 'PromedioDiff': Decimal('2.164576')}"
"{'estacion': 'GNYA', 'canal': 'HNZ', 'marca': 'REFTEK', 'PromedioLat': Decimal('3.712177'), 'PromedioDiff': Decimal('2.140221')}"
"{'estacion': 'GNYH', 'canal': 'HNE', 'marca': 'REFTEK', 'PromedioLat': Decimal('6.523985'), 'PromedioDiff': Decimal('4.335793')}"
"{'estacion': 'GNYH', 'canal': 'HNN', 'marca': 'REFTEK', 'PromedioLat': Decimal('6.529151'), 'PromedioDiff': Decimal('4.350554')}"
"{'estacion': 'GNYH', 'canal': 'HNZ', 'marca': 'REFTEK', 'PromedioLat': Decimal('6.232472'), 'PromedioDiff': Decimal('4.453137')}"
"{'estacion': 'GSTC', 'canal': 'HNE', 'marca': 'NANOMETRICS', 'PromedioLat': Decimal('0.998524'), 'PromedioDiff': Decimal('0.003690')}"
"{'estacion': 'GSTC', 'canal': 'HNN', 'marca': 'NANOMETRICS', 'PromedioLat': Decimal('0.974170'), 'PromedioDiff': Decimal('0.002214')}"
"{'estacion': 'GSTC', 'canal': 'HNZ', 'marca': 'NANOMETRICS', 'PromedioLat': Decimal('1.022140'), 'PromedioDiff': Decimal('0.000000')}"
"{'estacion': 'GSTZ', 'canal': 'HNE', 'marca': 'NANOMETRICS', 'PromedioLat': Decimal('1.019188'), 'PromedioDiff': Decimal('0.001476')}"
"{'estacion': 'GSTZ', 'canal': 'HNN', 'marca': 'NANOMETRICS', 'PromedioLat': Decimal('1.038376'), 'PromedioDiff': Decimal('0.002214')}"
"{'estacion': 'GSTZ', 'canal': 'HNZ', 'marca': 'NANOMETRICS', 'PromedioLat': Decimal('0.992620'), 'PromedioDiff': Decimal('0.003690')}"
"{'estacion': 'GTGA', 'canal': 'HNE', 'marca': 'REFTEK', 'PromedioLat': Decimal('4.112915'), 'PromedioDiff': Decimal('2.200000')}"
"{'estacion': 'GTGA', 'canal': 'HNN', 'marca': 'REFTEK', 'PromedioLat': Decimal('3.982288'), 'PromedioDiff': Decimal('2.070849')}"
"{'estacion': 'GTGA', 'canal': 'HNZ', 'marca': 'REFTEK', 'PromedioLat': Decimal('4.121771'), 'PromedioDiff': Decimal('2.054613')}"
"{'estacion': 'HCPD', 'canal': 'HNE', 'marca': 'NANOMETRICS', 'PromedioLat': Decimal('0.973432'), 'PromedioDiff': Decimal('-0.003690')}"
"{'estacion': 'HCPD', 'canal': 'HNN', 'marca': 'NANOMETRICS', 'PromedioLat': Decimal('1.000738'), 'PromedioDiff': Decimal('-0.005166')}"
"{'estacion': 'HCPD', 'canal': 'HNZ', 'marca': 'NANOMETRICS', 'PromedioLat': Decimal('0.954982'), 'PromedioDiff': Decimal('-0.003690')}"
"{'estacion': 'HGNR', 'canal': 'HNE', 'marca': 'NANOMETRICS', 'PromedioLat': Decimal('1.592620'), 'PromedioDiff': Decimal('0.089299')}"
"{'estacion': 'HGNR', 'canal': 'HNN', 'marca': 'NANOMETRICS', 'PromedioLat': Decimal('1.671587'), 'PromedioDiff': Decimal('0.123985')}"
"{'estacion': 'HGNR', 'canal': 'HNZ', 'marca': 'NANOMETRICS', 'PromedioLat': Decimal('1.575646'), 'PromedioDiff': Decimal('0.119557')}"
"{'estacion': 'HHDA', 'canal': 'HNE', 'marca': 'NANOMETRICS', 'PromedioLat': Decimal('1.036162'), 'PromedioDiff': Decimal('-0.001476')}"
"{'estacion': 'HHDA', 'canal': 'HNN', 'marca': 'NANOMETRICS', 'PromedioLat': Decimal('1.011808'), 'PromedioDiff': Decimal('0.001476')}"
"{'estacion': 'HHDA', 'canal': 'HNZ', 'marca': 'NANOMETRICS', 'PromedioLat': Decimal('0.859041'), 'PromedioDiff': Decimal('0.000738')}"
"{'estacion': 'HPVJ', 'canal': '00.HNE', 'marca': 'GURALP', 'PromedioLat': Decimal('10.634686'), 'PromedioDiff': Decimal('8.186716')}"
"{'estacion': 'HPVJ', 'canal': '00.HNN', 'marca': 'GURALP', 'PromedioLat': Decimal('10.800000'), 'PromedioDiff': Decimal('8.403690')}"
"{'estacion': 'HPVJ', 'canal': '00.HNZ', 'marca': 'GURALP', 'PromedioLat': Decimal('10.535055'), 'PromedioDiff': Decimal('8.413284')}"
"{'estacion': 'HSJM', 'canal': '11.HNZ', 'marca': 'GURALP', 'PromedioLat': Decimal('1.268635'), 'PromedioDiff': Decimal('0.011070')}"
"{'estacion': 'HSJM', 'canal': '12.HNN', 'marca': 'GURALP', 'PromedioLat': Decimal('1.377122'), 'PromedioDiff': Decimal('-0.002952')}"
"{'estacion': 'HSJM', 'canal': '13.HNE', 'marca': 'GURALP', 'PromedioLat': Decimal('1.429520'), 'PromedioDiff': Decimal('-0.000738')}"
"{'estacion': 'HSV1', 'canal': 'HNE', 'marca': 'REFTEK', 'PromedioLat': Decimal('6.118081'), 'PromedioDiff': Decimal('4.012546')}"
"{'estacion': 'HSV1', 'canal': 'HNN', 'marca': 'REFTEK', 'PromedioLat': Decimal('6.144649'), 'PromedioDiff': Decimal('4.326937')}"
"{'estacion': 'HSV1', 'canal': 'HNZ', 'marca': 'REFTEK', 'PromedioLat': Decimal('6.157934'), 'PromedioDiff': Decimal('3.833210')}"
"{'estacion': 'HSV6', 'canal': 'HNE', 'marca': 'REFTEK', 'PromedioLat': Decimal('6.139483'), 'PromedioDiff': Decimal('4.623616')}"
"{'estacion': 'HSV6', 'canal': 'HNN', 'marca': 'REFTEK', 'PromedioLat': Decimal('6.309963'), 'PromedioDiff': Decimal('4.866421')}"
"{'estacion': 'HSV6', 'canal': 'HNZ', 'marca': 'REFTEK', 'PromedioLat': Decimal('6.079705'), 'PromedioDiff': Decimal('4.428782')}"
"{'estacion': 'HVRG', 'canal': 'HNE', 'marca': 'NANOMETRICS', 'PromedioLat': Decimal('3.709963'), 'PromedioDiff': Decimal('1.059041')}"
"{'estacion': 'HVRG', 'canal': 'HNN', 'marca': 'NANOMETRICS', 'PromedioLat': Decimal('3.822140'), 'PromedioDiff': Decimal('1.121033')}"
"{'estacion': 'HVRG', 'canal': 'HNZ', 'marca': 'NANOMETRICS', 'PromedioLat': Decimal('3.421402'), 'PromedioDiff': Decimal('0.899631')}"
"{'estacion': 'LBAT', 'canal': 'HNE', 'marca': 'NANOMETRICS', 'PromedioLat': Decimal('0.786716'), 'PromedioDiff': Decimal('-0.000738')}"
"{'estacion': 'LBAT', 'canal': 'HNN', 'marca': 'NANOMETRICS', 'PromedioLat': Decimal('1.009594'), 'PromedioDiff': Decimal('0.000000')}"
"{'estacion': 'LBAT', 'canal': 'HNZ', 'marca': 'NANOMETRICS', 'PromedioLat': Decimal('0.868635'), 'PromedioDiff': Decimal('-0.002214')}"
"{'estacion': 'LBTN', 'canal': 'HNE', 'marca': 'NANOMETRICS', 'PromedioLat': Decimal('1.966052'), 'PromedioDiff': Decimal('0.143911')}"
"{'estacion': 'LBTN', 'canal': 'HNN', 'marca': 'NANOMETRICS', 'PromedioLat': Decimal('1.955720'), 'PromedioDiff': Decimal('0.121033')}"
"{'estacion': 'LBTN', 'canal': 'HNZ', 'marca': 'NANOMETRICS', 'PromedioLat': Decimal('1.793358'), 'PromedioDiff': Decimal('0.036162')}"
"{'estacion': 'LGMO', 'canal': 'HNE', 'marca': 'NANOMETRICS', 'PromedioLat': Decimal('1.009594'), 'PromedioDiff': Decimal('0.005166')}"
"{'estacion': 'LGMO', 'canal': 'HNN', 'marca': 'NANOMETRICS', 'PromedioLat': Decimal('1.022878'), 'PromedioDiff': Decimal('0.002952')}"
"{'estacion': 'LGMO', 'canal': 'HNZ', 'marca': 'NANOMETRICS', 'PromedioLat': Decimal('1.004428'), 'PromedioDiff': Decimal('0.000000')}"
"{'estacion': 'LGPA', 'canal': 'HNE', 'marca': 'NANOMETRICS', 'PromedioLat': Decimal('1.081919'), 'PromedioDiff': Decimal('0.004428')}"
"{'estacion': 'LGPA', 'canal': 'HNN', 'marca': 'NANOMETRICS', 'PromedioLat': Decimal('1.050185'), 'PromedioDiff': Decimal('0.005904')}"
"{'estacion': 'LGPA', 'canal': 'HNZ', 'marca': 'NANOMETRICS', 'PromedioLat': Decimal('1.033948'), 'PromedioDiff': Decimal('-0.000738')}"
"{'estacion': 'LGPI', 'canal': 'HNE', 'marca': 'NANOMETRICS', 'PromedioLat': Decimal('0.925461'), 'PromedioDiff': Decimal('-0.006642')}"
"{'estacion': 'LGPI', 'canal': 'HNN', 'marca': 'NANOMETRICS', 'PromedioLat': Decimal('0.745387'), 'PromedioDiff': Decimal('-0.005166')}"
"{'estacion': 'LGPI', 'canal': 'HNZ', 'marca': 'NANOMETRICS', 'PromedioLat': Decimal('0.717343'), 'PromedioDiff': Decimal('-0.005904')}"
"{'estacion': 'LLIM', 'canal': 'HNE', 'marca': 'NANOMETRICS', 'PromedioLat': Decimal('2.859779'), 'PromedioDiff': Decimal('0.071587')}"
"{'estacion': 'LLIM', 'canal': 'HNN', 'marca': 'NANOMETRICS', 'PromedioLat': Decimal('2.841328'), 'PromedioDiff': Decimal('0.072325')}"
"{'estacion': 'LLIM', 'canal': 'HNZ', 'marca': 'NANOMETRICS', 'PromedioLat': Decimal('2.847232'), 'PromedioDiff': Decimal('0.072325')}"
"{'estacion': 'LLMO', 'canal': '00.HNE', 'marca': 'GURALP', 'PromedioLat': Decimal('5.109963'), 'PromedioDiff': Decimal('2.585240')}"
"{'estacion': 'LLMO', 'canal': '00.HNN', 'marca': 'GURALP', 'PromedioLat': Decimal('5.200000'), 'PromedioDiff': Decimal('2.570480')}"
"{'estacion': 'LLMO', 'canal': '00.HNZ', 'marca': 'GURALP', 'PromedioLat': Decimal('5.261255'), 'PromedioDiff': Decimal('2.826568')}"
"{'estacion': 'LSQR', 'canal': '00.HNE', 'marca': 'GURALP', 'PromedioLat': Decimal('5.143911'), 'PromedioDiff': Decimal('2.604428')}"
"{'estacion': 'LSQR', 'canal': '00.HNN', 'marca': 'GURALP', 'PromedioLat': Decimal('5.112177'), 'PromedioDiff': Decimal('2.640590')}"
"{'estacion': 'LSQR', 'canal': '00.HNZ', 'marca': 'GURALP', 'PromedioLat': Decimal('5.059779'), 'PromedioDiff': Decimal('2.690037')}"
"{'estacion': 'LTAL', 'canal': 'HNE', 'marca': 'NANOMETRICS', 'PromedioLat': Decimal('1.005904'), 'PromedioDiff': Decimal('-0.002214')}"
"{'estacion': 'LTAL', 'canal': 'HNN', 'marca': 'NANOMETRICS', 'PromedioLat': Decimal('1.013284'), 'PromedioDiff': Decimal('-0.004428')}"
"{'estacion': 'LTAL', 'canal': 'HNZ', 'marca': 'NANOMETRICS', 'PromedioLat': Decimal('0.757934'), 'PromedioDiff': Decimal('-0.002952')}"
"{'estacion': 'PBNA', 'canal': 'HNE', 'marca': 'NANOMETRICS', 'PromedioLat': Decimal('9.273801'), 'PromedioDiff': Decimal('1.707749')}"
"{'estacion': 'PBNA', 'canal': 'HNN', 'marca': 'NANOMETRICS', 'PromedioLat': Decimal('9.239852'), 'PromedioDiff': Decimal('1.748339')}"
"{'estacion': 'PBNA', 'canal': 'HNZ', 'marca': 'NANOMETRICS', 'PromedioLat': Decimal('9.169742'), 'PromedioDiff': Decimal('2.109225')}"
"{'estacion': 'PBNH', 'canal': 'HNE', 'marca': 'REFTEK', 'PromedioLat': Decimal('5.906273'), 'PromedioDiff': Decimal('3.814022')}"
"{'estacion': 'PBNH', 'canal': 'HNN', 'marca': 'REFTEK', 'PromedioLat': Decimal('5.782288'), 'PromedioDiff': Decimal('3.766052')}"
"{'estacion': 'PBNH', 'canal': 'HNZ', 'marca': 'REFTEK', 'PromedioLat': Decimal('5.858303'), 'PromedioDiff': Decimal('3.643542')}"
"{'estacion': 'PCDA', 'canal': 'HNE', 'marca': 'NANOMETRICS', 'PromedioLat': Decimal('0.928413'), 'PromedioDiff': Decimal('-0.003690')}"
"{'estacion': 'PCDA', 'canal': 'HNN', 'marca': 'NANOMETRICS', 'PromedioLat': Decimal('0.593358'), 'PromedioDiff': Decimal('-0.005904')}"
"{'estacion': 'PCDA', 'canal': 'HNZ', 'marca': 'NANOMETRICS', 'PromedioLat': Decimal('0.581550'), 'PromedioDiff': Decimal('-0.003690')}"
"{'estacion': 'PCNH', 'canal': 'HNE', 'marca': 'REFTEK', 'PromedioLat': Decimal('6.583026'), 'PromedioDiff': Decimal('4.296679')}"
"{'estacion': 'PCNH', 'canal': 'HNN', 'marca': 'REFTEK', 'PromedioLat': Decimal('6.546863'), 'PromedioDiff': Decimal('4.295203')}"
"{'estacion': 'PCNH', 'canal': 'HNZ', 'marca': 'REFTEK', 'PromedioLat': Decimal('6.243542'), 'PromedioDiff': Decimal('4.509225')}"
"{'estacion': 'PCNL', 'canal': 'HNE', 'marca': 'NANOMETRICS', 'PromedioLat': Decimal('1.149077'), 'PromedioDiff': Decimal('0.020664')}"
"{'estacion': 'PCNL', 'canal': 'HNN', 'marca': 'NANOMETRICS', 'PromedioLat': Decimal('1.169004'), 'PromedioDiff': Decimal('0.024354')}"
"{'estacion': 'PCNL', 'canal': 'HNZ', 'marca': 'NANOMETRICS', 'PromedioLat': Decimal('1.136531'), 'PromedioDiff': Decimal('0.024354')}"
"{'estacion': 'PCOB', 'canal': 'HNE', 'marca': 'NANOMETRICS', 'PromedioLat': Decimal('1.015498'), 'PromedioDiff': Decimal('-0.002214')}"
"{'estacion': 'PCOB', 'canal': 'HNZ', 'marca': 'NANOMETRICS', 'PromedioLat': Decimal('1.021402'), 'PromedioDiff': Decimal('-0.005904')}"
"{'estacion': 'PFNR', 'canal': 'HNE', 'marca': 'NANOMETRICS', 'PromedioLat': Decimal('1.352768'), 'PromedioDiff': Decimal('-0.005166')}"
"{'estacion': 'PFNR', 'canal': 'HNN', 'marca': 'NANOMETRICS', 'PromedioLat': Decimal('1.374908'), 'PromedioDiff': Decimal('0.001476')}"
"{'estacion': 'PFNR', 'canal': 'HNZ', 'marca': 'NANOMETRICS', 'PromedioLat': Decimal('1.365314'), 'PromedioDiff': Decimal('0.002952')}"
"{'estacion': 'PGOL', 'canal': 'HNE', 'marca': 'NANOMETRICS', 'PromedioLat': Decimal('1.081919'), 'PromedioDiff': Decimal('0.007380')}"
"{'estacion': 'PGOL', 'canal': 'HNN', 'marca': 'NANOMETRICS', 'PromedioLat': Decimal('1.079705'), 'PromedioDiff': Decimal('0.013284')}"
"{'estacion': 'PGOL', 'canal': 'HNZ', 'marca': 'NANOMETRICS', 'PromedioLat': Decimal('1.132103'), 'PromedioDiff': Decimal('0.008118')}"
"{'estacion': 'PGTO', 'canal': 'HNE', 'marca': 'NANOMETRICS', 'PromedioLat': Decimal('1.943911'), 'PromedioDiff': Decimal('-0.000738')}"
"{'estacion': 'PGTO', 'canal': 'HNN', 'marca': 'NANOMETRICS', 'PromedioLat': Decimal('1.943173'), 'PromedioDiff': Decimal('0.000000')}"
"{'estacion': 'PGTO', 'canal': 'HNZ', 'marca': 'NANOMETRICS', 'PromedioLat': Decimal('1.926937'), 'PromedioDiff': Decimal('-0.001476')}"
"{'estacion': 'PJCO', 'canal': 'HNE', 'marca': 'NANOMETRICS', 'PromedioLat': Decimal('0.968266'), 'PromedioDiff': Decimal('-0.000738')}"
"{'estacion': 'PJCO', 'canal': 'HNN', 'marca': 'NANOMETRICS', 'PromedioLat': Decimal('0.931365'), 'PromedioDiff': Decimal('-0.003690')}"
"{'estacion': 'PJCO', 'canal': 'HNZ', 'marca': 'NANOMETRICS', 'PromedioLat': Decimal('0.957196'), 'PromedioDiff': Decimal('-0.000738')}"
"{'estacion': 'PJCR', 'canal': 'HNE', 'marca': 'NANOMETRICS', 'PromedioLat': Decimal('1.038376'), 'PromedioDiff': Decimal('-0.002214')}"
"{'estacion': 'PJCR', 'canal': 'HNN', 'marca': 'NANOMETRICS', 'PromedioLat': Decimal('1.042066'), 'PromedioDiff': Decimal('-0.005166')}"
"{'estacion': 'PJCR', 'canal': 'HNZ', 'marca': 'NANOMETRICS', 'PromedioLat': Decimal('0.996310'), 'PromedioDiff': Decimal('-0.003690')}"
"{'estacion': 'PJMH', 'canal': 'HNE', 'marca': 'REFTEK', 'PromedioLat': Decimal('7.122509'), 'PromedioDiff': Decimal('4.446494')}"
"{'estacion': 'PJMH', 'canal': 'HNN', 'marca': 'REFTEK', 'PromedioLat': Decimal('6.928413'), 'PromedioDiff': Decimal('4.205904')}"
"{'estacion': 'PJMH', 'canal': 'HNZ', 'marca': 'REFTEK', 'PromedioLat': Decimal('6.906273'), 'PromedioDiff': Decimal('4.187454')}"
"{'estacion': 'PJMN', 'canal': '00.HNE', 'marca': 'GURALP', 'PromedioLat': Decimal('5.256827'), 'PromedioDiff': Decimal('2.861255')}"
"{'estacion': 'PJMN', 'canal': '00.HNN', 'marca': 'GURALP', 'PromedioLat': Decimal('5.294465'), 'PromedioDiff': Decimal('2.983026')}"
"{'estacion': 'PJMN', 'canal': '00.HNZ', 'marca': 'GURALP', 'PromedioLat': Decimal('4.828044'), 'PromedioDiff': Decimal('2.957196')}"
"{'estacion': 'PLPM', 'canal': 'HNE', 'marca': 'GURALP', 'PromedioLat': Decimal('1.085609'), 'PromedioDiff': Decimal('-0.003690')}"
"{'estacion': 'PLPM', 'canal': 'HNN', 'marca': 'GURALP', 'PromedioLat': Decimal('1.081181'), 'PromedioDiff': Decimal('-0.002952')}"
"{'estacion': 'PLPM', 'canal': 'HNZ', 'marca': 'GURALP', 'PromedioLat': Decimal('1.066421'), 'PromedioDiff': Decimal('-0.004428')}"
"{'estacion': 'PLRL', 'canal': 'HNE', 'marca': 'GURALP', 'PromedioLat': Decimal('1.011070'), 'PromedioDiff': Decimal('-0.002214')}"
"{'estacion': 'PLRL', 'canal': 'HNN', 'marca': 'GURALP', 'PromedioLat': Decimal('0.996310'), 'PromedioDiff': Decimal('-0.003690')}"
"{'estacion': 'PLRL', 'canal': 'HNZ', 'marca': 'GURALP', 'PromedioLat': Decimal('0.997786'), 'PromedioDiff': Decimal('-0.002952')}"
"{'estacion': 'POSA', 'canal': 'HNE', 'marca': 'NANOMETRICS', 'PromedioLat': Decimal('5.442066'), 'PromedioDiff': Decimal('0.001476')}"
"{'estacion': 'POSA', 'canal': 'HNN', 'marca': 'NANOMETRICS', 'PromedioLat': Decimal('5.439114'), 'PromedioDiff': Decimal('0.002952')}"
"{'estacion': 'POSA', 'canal': 'HNZ', 'marca': 'NANOMETRICS', 'PromedioLat': Decimal('5.430258'), 'PromedioDiff': Decimal('0.001476')}"
"{'estacion': 'POSH', 'canal': 'HNE', 'marca': 'REFTEK', 'PromedioLat': Decimal('7.104797'), 'PromedioDiff': Decimal('4.496679')}"
"{'estacion': 'POSH', 'canal': 'HNN', 'marca': 'REFTEK', 'PromedioLat': Decimal('6.985978'), 'PromedioDiff': Decimal('4.449446')}"
"{'estacion': 'POSH', 'canal': 'HNZ', 'marca': 'REFTEK', 'PromedioLat': Decimal('7.005166'), 'PromedioDiff': Decimal('4.367528')}"
"{'estacion': 'PPAH', 'canal': 'HNE', 'marca': 'NANOMETRICS', 'PromedioLat': Decimal('6.978598'), 'PromedioDiff': Decimal('5.780074')}"
"{'estacion': 'PPAH', 'canal': 'HNN', 'marca': 'NANOMETRICS', 'PromedioLat': Decimal('7.040590'), 'PromedioDiff': Decimal('5.764576')}"
"{'estacion': 'PPAH', 'canal': 'HNZ', 'marca': 'NANOMETRICS', 'PromedioLat': Decimal('6.938007'), 'PromedioDiff': Decimal('5.768266')}"
"{'estacion': 'PPQR', 'canal': 'HNE', 'marca': 'NANOMETRICS', 'PromedioLat': Decimal('4.803690'), 'PromedioDiff': Decimal('0.152030')}"
"{'estacion': 'PPQR', 'canal': 'HNN', 'marca': 'NANOMETRICS', 'PromedioLat': Decimal('4.642804'), 'PromedioDiff': Decimal('0.185978')}"
"{'estacion': 'PPQR', 'canal': 'HNZ', 'marca': 'NANOMETRICS', 'PromedioLat': Decimal('4.797048'), 'PromedioDiff': Decimal('0.302583')}"
"{'estacion': 'PPTG', 'canal': 'HNE', 'marca': 'NANOMETRICS', 'PromedioLat': Decimal('1.169742'), 'PromedioDiff': Decimal('0.083395')}"
"{'estacion': 'PPTG', 'canal': 'HNN', 'marca': 'NANOMETRICS', 'PromedioLat': Decimal('1.115129'), 'PromedioDiff': Decimal('-0.000738')}"
"{'estacion': 'PPTG', 'canal': 'HNZ', 'marca': 'NANOMETRICS', 'PromedioLat': Decimal('1.070849'), 'PromedioDiff': Decimal('0.002952')}"
"{'estacion': 'PPUN', 'canal': 'HNE', 'marca': 'NANOMETRICS', 'PromedioLat': Decimal('1.136531'), 'PromedioDiff': Decimal('0.006642')}"
"{'estacion': 'PPUN', 'canal': 'HNN', 'marca': 'NANOMETRICS', 'PromedioLat': Decimal('1.147601'), 'PromedioDiff': Decimal('0.010332')}"
"{'estacion': 'PPUN', 'canal': 'HNZ', 'marca': 'NANOMETRICS', 'PromedioLat': Decimal('1.083395'), 'PromedioDiff': Decimal('0.015498')}"
"{'estacion': 'PQSH', 'canal': 'HNE', 'marca': 'REFTEK', 'PromedioLat': Decimal('6.754982'), 'PromedioDiff': Decimal('4.346863')}"
"{'estacion': 'PQSH', 'canal': 'HNN', 'marca': 'REFTEK', 'PromedioLat': Decimal('6.677491'), 'PromedioDiff': Decimal('4.261255')}"
"{'estacion': 'PQSH', 'canal': 'HNZ', 'marca': 'REFTEK', 'PromedioLat': Decimal('6.437638'), 'PromedioDiff': Decimal('4.312915')}"
"{'estacion': 'PQUE', 'canal': 'HNE', 'marca': 'NANOMETRICS', 'PromedioLat': Decimal('0.988930'), 'PromedioDiff': Decimal('-0.002952')}"
"{'estacion': 'PQUE', 'canal': 'HNN', 'marca': 'NANOMETRICS', 'PromedioLat': Decimal('1.019188'), 'PromedioDiff': Decimal('-0.003690')}"
"{'estacion': 'PQUE', 'canal': 'HNZ', 'marca': 'NANOMETRICS', 'PromedioLat': Decimal('0.924723'), 'PromedioDiff': Decimal('-0.003690')}"
"{'estacion': 'PUVT', 'canal': 'HNE', 'marca': 'NANOMETRICS', 'PromedioLat': Decimal('1.183764'), 'PromedioDiff': Decimal('0.005904')}"
"{'estacion': 'PUVT', 'canal': 'HNN', 'marca': 'NANOMETRICS', 'PromedioLat': Decimal('1.181550'), 'PromedioDiff': Decimal('0.005166')}"
"{'estacion': 'PUVT', 'canal': 'HNZ', 'marca': 'NANOMETRICS', 'PromedioLat': Decimal('1.208856'), 'PromedioDiff': Decimal('0.006642')}"
"{'estacion': 'SASR', 'canal': 'HNE', 'marca': 'REFTEK', 'PromedioLat': Decimal('4.428044'), 'PromedioDiff': Decimal('2.303321')}"
"{'estacion': 'SASR', 'canal': 'HNN', 'marca': 'REFTEK', 'PromedioLat': Decimal('4.241328'), 'PromedioDiff': Decimal('2.219926')}"
"{'estacion': 'SASR', 'canal': 'HNZ', 'marca': 'REFTEK', 'PromedioLat': Decimal('4.723985'), 'PromedioDiff': Decimal('2.364576')}"
"{'estacion': 'SBEB', 'canal': 'HNE', 'marca': 'GURALP', 'PromedioLat': Decimal('1.061993'), 'PromedioDiff': Decimal('0.001476')}"
"{'estacion': 'SBEB', 'canal': 'HNN', 'marca': 'GURALP', 'PromedioLat': Decimal('1.062731'), 'PromedioDiff': Decimal('-0.002214')}"
"{'estacion': 'SBEB', 'canal': 'HNZ', 'marca': 'GURALP', 'PromedioLat': Decimal('1.038376'), 'PromedioDiff': Decimal('-0.003690')}"
"{'estacion': 'SCB0', 'canal': 'HNE', 'marca': 'REFTEK', 'PromedioLat': Decimal('4.814022'), 'PromedioDiff': Decimal('2.402214')}"
"{'estacion': 'SCB0', 'canal': 'HNN', 'marca': 'REFTEK', 'PromedioLat': Decimal('4.649446'), 'PromedioDiff': Decimal('2.331365')}"
"{'estacion': 'SCB0', 'canal': 'HNZ', 'marca': 'REFTEK', 'PromedioLat': Decimal('4.509225'), 'PromedioDiff': Decimal('2.306273')}"
"{'estacion': 'SCB6', 'canal': 'HNE', 'marca': 'REFTEK', 'PromedioLat': Decimal('3.298155'), 'PromedioDiff': Decimal('1.964576')}"
"{'estacion': 'SCB6', 'canal': 'HNN', 'marca': 'REFTEK', 'PromedioLat': Decimal('3.224354'), 'PromedioDiff': Decimal('1.861993')}"
"{'estacion': 'SCB6', 'canal': 'HNZ', 'marca': 'REFTEK', 'PromedioLat': Decimal('3.256089'), 'PromedioDiff': Decimal('1.907011')}"
"{'estacion': 'SCNE', 'canal': 'HNE', 'marca': 'REFTEK', 'PromedioLat': Decimal('3.798524'), 'PromedioDiff': Decimal('2.112177')}"
"{'estacion': 'SCNE', 'canal': 'HNN', 'marca': 'REFTEK', 'PromedioLat': Decimal('3.793358'), 'PromedioDiff': Decimal('2.034686')}"
"{'estacion': 'SCNE', 'canal': 'HNZ', 'marca': 'REFTEK', 'PromedioLat': Decimal('3.679705'), 'PromedioDiff': Decimal('1.985240')}"
"{'estacion': 'SCOH', 'canal': 'HNE', 'marca': 'REFTEK', 'PromedioLat': Decimal('6.459041'), 'PromedioDiff': Decimal('4.041328')}"
"{'estacion': 'SCOH', 'canal': 'HNN', 'marca': 'REFTEK', 'PromedioLat': Decimal('6.529889'), 'PromedioDiff': Decimal('4.133579')}"
"{'estacion': 'SCOH', 'canal': 'HNZ', 'marca': 'REFTEK', 'PromedioLat': Decimal('6.544649'), 'PromedioDiff': Decimal('4.107749')}"
"{'estacion': 'SESC', 'canal': '00.HNE', 'marca': 'GURALP', 'PromedioLat': Decimal('4.841328'), 'PromedioDiff': Decimal('3.639114')}"
"{'estacion': 'SESC', 'canal': '00.HNN', 'marca': 'GURALP', 'PromedioLat': Decimal('4.734317'), 'PromedioDiff': Decimal('3.557934')}"
"{'estacion': 'SESC', 'canal': '00.HNZ', 'marca': 'GURALP', 'PromedioLat': Decimal('4.554982'), 'PromedioDiff': Decimal('3.410332')}"
"{'estacion': 'SFCL', 'canal': 'HNE', 'marca': 'KINEMETRICS', 'PromedioLat': Decimal('1.774908'), 'PromedioDiff': Decimal('0.194096')}"
"{'estacion': 'SFCL', 'canal': 'HNN', 'marca': 'KINEMETRICS', 'PromedioLat': Decimal('1.527675'), 'PromedioDiff': Decimal('0.176384')}"
"{'estacion': 'SFCL', 'canal': 'HNZ', 'marca': 'KINEMETRICS', 'PromedioLat': Decimal('1.727675'), 'PromedioDiff': Decimal('0.169742')}"
"{'estacion': 'SFRA', 'canal': 'HNE', 'marca': 'NANOMETRICS', 'PromedioLat': Decimal('1.235424'), 'PromedioDiff': Decimal('0.008856')}"
"{'estacion': 'SFRA', 'canal': 'HNN', 'marca': 'NANOMETRICS', 'PromedioLat': Decimal('1.211070'), 'PromedioDiff': Decimal('0.017712')}"
"{'estacion': 'SFRA', 'canal': 'HNZ', 'marca': 'NANOMETRICS', 'PromedioLat': Decimal('1.229520'), 'PromedioDiff': Decimal('0.010332')}"
"{'estacion': 'SGH1', 'canal': 'HNE', 'marca': 'REFTEK', 'PromedioLat': Decimal('-146.606642'), 'PromedioDiff': Decimal('-148.979336')}"
"{'estacion': 'SGH1', 'canal': 'HNN', 'marca': 'REFTEK', 'PromedioLat': Decimal('-146.738007'), 'PromedioDiff': Decimal('-149.123247')}"
"{'estacion': 'SGH1', 'canal': 'HNZ', 'marca': 'REFTEK', 'PromedioLat': Decimal('-146.908487'), 'PromedioDiff': Decimal('-148.470111')}"
"{'estacion': 'SGH5', 'canal': 'HNE', 'marca': 'REFTEK', 'PromedioLat': Decimal('1.230258'), 'PromedioDiff': Decimal('-0.183026')}"
"{'estacion': 'SGH5', 'canal': 'HNN', 'marca': 'REFTEK', 'PromedioLat': Decimal('1.122509'), 'PromedioDiff': Decimal('-0.323247')}"
"{'estacion': 'SGH5', 'canal': 'HNZ', 'marca': 'REFTEK', 'PromedioLat': Decimal('1.154244'), 'PromedioDiff': Decimal('-0.210332')}"
"{'estacion': 'SGTS', 'canal': 'HNE', 'marca': 'NANOMETRICS', 'PromedioLat': Decimal('1.158672'), 'PromedioDiff': Decimal('0.016974')}"
"{'estacion': 'SGTS', 'canal': 'HNN', 'marca': 'NANOMETRICS', 'PromedioLat': Decimal('1.103321'), 'PromedioDiff': Decimal('0.014760')}"
"{'estacion': 'SGTS', 'canal': 'HNZ', 'marca': 'NANOMETRICS', 'PromedioLat': Decimal('1.150554'), 'PromedioDiff': Decimal('0.009594')}"
"{'estacion': 'SHTH', 'canal': 'HNE', 'marca': 'REFTEK', 'PromedioLat': Decimal('6.847970'), 'PromedioDiff': Decimal('4.366790')}"
"{'estacion': 'SHTH', 'canal': 'HNN', 'marca': 'REFTEK', 'PromedioLat': Decimal('6.754244'), 'PromedioDiff': Decimal('4.407380')}"
"{'estacion': 'SHTH', 'canal': 'HNZ', 'marca': 'REFTEK', 'PromedioLat': Decimal('6.670849'), 'PromedioDiff': Decimal('4.258303')}"
"{'estacion': 'SIAC', 'canal': 'HNE', 'marca': 'GURALP', 'PromedioLat': Decimal('1.098893'), 'PromedioDiff': Decimal('0.000000')}"
"{'estacion': 'SIAC', 'canal': 'HNN', 'marca': 'GURALP', 'PromedioLat': Decimal('1.042066'), 'PromedioDiff': Decimal('-0.002952')}"
"{'estacion': 'SIAC', 'canal': 'HNZ', 'marca': 'GURALP', 'PromedioLat': Decimal('1.030258'), 'PromedioDiff': Decimal('-0.002952')}"
"{'estacion': 'SICP', 'canal': 'HNE', 'marca': 'NANOMETRICS', 'PromedioLat': Decimal('0.885609'), 'PromedioDiff': Decimal('-0.005904')}"
"{'estacion': 'SICP', 'canal': 'HNN', 'marca': 'NANOMETRICS', 'PromedioLat': Decimal('0.895203'), 'PromedioDiff': Decimal('-0.004428')}"
"{'estacion': 'SICP', 'canal': 'HNZ', 'marca': 'NANOMETRICS', 'PromedioLat': Decimal('0.549077'), 'PromedioDiff': Decimal('-0.004428')}"
"{'estacion': 'SION', 'canal': 'HNE', 'marca': 'NANOMETRICS', 'PromedioLat': Decimal('1.025092'), 'PromedioDiff': Decimal('-0.002214')}"
"{'estacion': 'SION', 'canal': 'HNN', 'marca': 'NANOMETRICS', 'PromedioLat': Decimal('1.074539'), 'PromedioDiff': Decimal('-0.000738')}"
"{'estacion': 'SION', 'canal': 'HNZ', 'marca': 'NANOMETRICS', 'PromedioLat': Decimal('0.940959'), 'PromedioDiff': Decimal('-0.002214')}"
"{'estacion': 'SISD', 'canal': 'HNE', 'marca': 'REFTEK', 'PromedioLat': Decimal('3.250923'), 'PromedioDiff': Decimal('1.931365')}"
"{'estacion': 'SISD', 'canal': 'HNN', 'marca': 'REFTEK', 'PromedioLat': Decimal('3.063469'), 'PromedioDiff': Decimal('1.743911')}"
"{'estacion': 'SISD', 'canal': 'HNZ', 'marca': 'REFTEK', 'PromedioLat': Decimal('3.039852'), 'PromedioDiff': Decimal('1.731365')}"
"{'estacion': 'SLCJ', 'canal': 'HNE', 'marca': 'NANOMETRICS', 'PromedioLat': Decimal('1.039852'), 'PromedioDiff': Decimal('-0.002214')}"
"{'estacion': 'SLCJ', 'canal': 'HNN', 'marca': 'NANOMETRICS', 'PromedioLat': Decimal('1.053875'), 'PromedioDiff': Decimal('-0.003690')}"
"{'estacion': 'SLCJ', 'canal': 'HNZ', 'marca': 'NANOMETRICS', 'PromedioLat': Decimal('1.037638'), 'PromedioDiff': Decimal('0.000000')}"
"{'estacion': 'SLMA', 'canal': 'HNE', 'marca': 'REFTEK', 'PromedioLat': Decimal('5.335793'), 'PromedioDiff': Decimal('2.617712')}"
"{'estacion': 'SLMA', 'canal': 'HNN', 'marca': 'REFTEK', 'PromedioLat': Decimal('5.400000'), 'PromedioDiff': Decimal('2.636900')}"
"{'estacion': 'SLMA', 'canal': 'HNZ', 'marca': 'REFTEK', 'PromedioLat': Decimal('5.492251'), 'PromedioDiff': Decimal('2.609594')}"
"{'estacion': 'SNH1', 'canal': 'HNE', 'marca': 'REFTEK', 'PromedioLat': Decimal('6.983764'), 'PromedioDiff': Decimal('3.054613')}"
"{'estacion': 'SNH1', 'canal': 'HNN', 'marca': 'REFTEK', 'PromedioLat': Decimal('6.984502'), 'PromedioDiff': Decimal('7.847232')}"
"{'estacion': 'SNH1', 'canal': 'HNZ', 'marca': 'REFTEK', 'PromedioLat': Decimal('6.971956'), 'PromedioDiff': Decimal('7.850923')}"
"{'estacion': 'SNH5', 'canal': 'HNE', 'marca': 'REFTEK', 'PromedioLat': Decimal('6.373432'), 'PromedioDiff': Decimal('4.360148')}"
"{'estacion': 'SNH5', 'canal': 'HNN', 'marca': 'REFTEK', 'PromedioLat': Decimal('6.182288'), 'PromedioDiff': Decimal('4.447232')}"
"{'estacion': 'SNH5', 'canal': 'HNZ', 'marca': 'REFTEK', 'PromedioLat': Decimal('6.101845'), 'PromedioDiff': Decimal('4.591144')}"
"{'estacion': 'SPCH', 'canal': 'HNE', 'marca': 'REFTEK', 'PromedioLat': Decimal('6.293727'), 'PromedioDiff': Decimal('4.008856')}"
"{'estacion': 'SPCH', 'canal': 'HNN', 'marca': 'REFTEK', 'PromedioLat': Decimal('6.140221'), 'PromedioDiff': Decimal('3.821402')}"
"{'estacion': 'SPCH', 'canal': 'HNZ', 'marca': 'REFTEK', 'PromedioLat': Decimal('6.177122'), 'PromedioDiff': Decimal('3.749077')}"
"{'estacion': 'SPCL', 'canal': 'HNE', 'marca': 'NANOMETRICS', 'PromedioLat': Decimal('1.058303'), 'PromedioDiff': Decimal('-0.005904')}"
"{'estacion': 'SPCL', 'canal': 'HNN', 'marca': 'NANOMETRICS', 'PromedioLat': Decimal('1.081181'), 'PromedioDiff': Decimal('-0.005904')}"
"{'estacion': 'SPCL', 'canal': 'HNZ', 'marca': 'NANOMETRICS', 'PromedioLat': Decimal('0.930627'), 'PromedioDiff': Decimal('-0.005166')}"
"{'estacion': None, 'canal': None, 'marca': None, 'PromedioLat': None, 'PromedioDiff': None}"
"{'estacion': None, 'canal': None, 'marca': None, 'PromedioLat': None, 'PromedioDiff': None}"
"{'estacion': None, 'canal': None, 'marca': None, 'PromedioLat': None, 'PromedioDiff': None}"
"{'estacion': 'SSBN', 'canal': 'HNE', 'marca': 'NANOMETRICS', 'PromedioLat': Decimal('1.171218'), 'PromedioDiff': Decimal('0.001476')}"
"{'estacion': 'SSBN', 'canal': 'HNN', 'marca': 'NANOMETRICS', 'PromedioLat': Decimal('1.161624'), 'PromedioDiff': Decimal('0.005904')}"
"{'estacion': 'SSBN', 'canal': 'HNZ', 'marca': 'NANOMETRICS', 'PromedioLat': Decimal('1.143911'), 'PromedioDiff': Decimal('0.006642')}"
"{'estacion': 'SSMD', 'canal': 'HNE', 'marca': 'NANOMETRICS', 'PromedioLat': Decimal('1.042066'), 'PromedioDiff': Decimal('-0.002214')}"
"{'estacion': 'SSMD', 'canal': 'HNN', 'marca': 'NANOMETRICS', 'PromedioLat': Decimal('1.062731'), 'PromedioDiff': Decimal('-0.001476')}"
"{'estacion': 'SSMD', 'canal': 'HNZ', 'marca': 'NANOMETRICS', 'PromedioLat': Decimal('1.026568'), 'PromedioDiff': Decimal('-0.001476')}"
"{'estacion': 'STCH', 'canal': 'HNE', 'marca': 'REFTEK', 'PromedioLat': Decimal('6.610332'), 'PromedioDiff': Decimal('4.185978')}"
"{'estacion': 'STCH', 'canal': 'HNN', 'marca': 'REFTEK', 'PromedioLat': Decimal('6.573432'), 'PromedioDiff': Decimal('4.190406')}"
"{'estacion': 'STCH', 'canal': 'HNZ', 'marca': 'REFTEK', 'PromedioLat': Decimal('6.491513'), 'PromedioDiff': Decimal('4.071587')}"
"{'estacion': 'STH1', 'canal': 'HNE', 'marca': 'REFTEK', 'PromedioLat': Decimal('4.672325'), 'PromedioDiff': Decimal('2.345387')}"
"{'estacion': 'STH1', 'canal': 'HNN', 'marca': 'REFTEK', 'PromedioLat': Decimal('4.521771'), 'PromedioDiff': Decimal('2.237638')}"
"{'estacion': 'STH1', 'canal': 'HNZ', 'marca': 'REFTEK', 'PromedioLat': Decimal('4.598524'), 'PromedioDiff': Decimal('2.205904')}"
"{'estacion': 'STH6', 'canal': 'HNE', 'marca': 'REFTEK', 'PromedioLat': Decimal('4.552768'), 'PromedioDiff': Decimal('2.287823')}"
"{'estacion': 'STH6', 'canal': 'HNN', 'marca': 'REFTEK', 'PromedioLat': Decimal('4.502583'), 'PromedioDiff': Decimal('2.209594')}"
"{'estacion': 'STH6', 'canal': 'HNZ', 'marca': 'REFTEK', 'PromedioLat': Decimal('4.119557'), 'PromedioDiff': Decimal('2.135055')}"
"{'estacion': 'STRN', 'canal': 'HNE', 'marca': 'REFTEK', 'PromedioLat': Decimal('4.645018'), 'PromedioDiff': Decimal('2.345387')}"
"{'estacion': 'STRN', 'canal': 'HNN', 'marca': 'REFTEK', 'PromedioLat': Decimal('4.408118'), 'PromedioDiff': Decimal('2.316605')}"
"{'estacion': 'STRN', 'canal': 'HNZ', 'marca': 'REFTEK', 'PromedioLat': Decimal('4.677491'), 'PromedioDiff': Decimal('2.286347')}"
"{'estacion': 'SUN1', 'canal': 'HNE', 'marca': 'KINEMETRICS', 'PromedioLat': Decimal('1.876015'), 'PromedioDiff': Decimal('0.422140')}"
"{'estacion': 'SUN1', 'canal': 'HNN', 'marca': 'KINEMETRICS', 'PromedioLat': Decimal('1.865683'), 'PromedioDiff': Decimal('0.457565')}"
"{'estacion': 'SUN1', 'canal': 'HNZ', 'marca': 'KINEMETRICS', 'PromedioLat': Decimal('1.751292'), 'PromedioDiff': Decimal('0.447232')}"
"{'estacion': 'SUN2', 'canal': 'HNE', 'marca': 'KINEMETRICS', 'PromedioLat': Decimal('1.585240'), 'PromedioDiff': Decimal('0.258303')}"
"{'estacion': 'SUN2', 'canal': 'HNN', 'marca': 'KINEMETRICS', 'PromedioLat': Decimal('1.626568'), 'PromedioDiff': Decimal('0.268635')}"
"{'estacion': 'SUN2', 'canal': 'HNZ', 'marca': 'KINEMETRICS', 'PromedioLat': Decimal('1.526937'), 'PromedioDiff': Decimal('0.282657')}"
"{'estacion': 'SUN3', 'canal': 'HNE', 'marca': 'KINEMETRICS', 'PromedioLat': Decimal('1.779336'), 'PromedioDiff': Decimal('0.433948')}"
"{'estacion': 'SUN3', 'canal': 'HNN', 'marca': 'KINEMETRICS', 'PromedioLat': Decimal('1.806642'), 'PromedioDiff': Decimal('0.433210')}"
"{'estacion': 'SUN3', 'canal': 'HNZ', 'marca': 'KINEMETRICS', 'PromedioLat': Decimal('1.706273'), 'PromedioDiff': Decimal('0.391882')}"
"{'estacion': 'SUN5', 'canal': 'HNE', 'marca': 'KINEMETRICS', 'PromedioLat': Decimal('1.259779'), 'PromedioDiff': Decimal('0.240590')}"
"{'estacion': 'SUN5', 'canal': 'HNN', 'marca': 'KINEMETRICS', 'PromedioLat': Decimal('1.200000'), 'PromedioDiff': Decimal('0.245018')}"
"{'estacion': 'SUN5', 'canal': 'HNZ', 'marca': 'KINEMETRICS', 'PromedioLat': Decimal('1.251661'), 'PromedioDiff': Decimal('0.218450')}"
"{'estacion': 'SUN6', 'canal': 'HNE', 'marca': 'KINEMETRICS', 'PromedioLat': Decimal('1.787454'), 'PromedioDiff': Decimal('0.418450')}"
"{'estacion': 'SUN6', 'canal': 'HNN', 'marca': 'KINEMETRICS', 'PromedioLat': Decimal('1.738745'), 'PromedioDiff': Decimal('0.433948')}"
"{'estacion': 'SUN6', 'canal': 'HNZ', 'marca': 'KINEMETRICS', 'PromedioLat': Decimal('1.527675'), 'PromedioDiff': Decimal('0.421402')}"
"{'estacion': 'SUN8', 'canal': 'HNE', 'marca': 'KINEMETRICS', 'PromedioLat': Decimal('1.597786'), 'PromedioDiff': Decimal('0.439852')}"
"{'estacion': 'SUN8', 'canal': 'HNN', 'marca': 'KINEMETRICS', 'PromedioLat': Decimal('1.557196'), 'PromedioDiff': Decimal('0.419926')}"
"{'estacion': 'SUN8', 'canal': 'HNZ', 'marca': 'KINEMETRICS', 'PromedioLat': Decimal('1.628044'), 'PromedioDiff': Decimal('0.454613')}"
"{'estacion': 'SUN9', 'canal': 'HNE', 'marca': 'KINEMETRICS', 'PromedioLat': Decimal('1.637638'), 'PromedioDiff': Decimal('0.458303')}"
"{'estacion': 'SUN9', 'canal': 'HNN', 'marca': 'KINEMETRICS', 'PromedioLat': Decimal('1.559410'), 'PromedioDiff': Decimal('0.407380')}"
"{'estacion': 'SUN9', 'canal': 'HNZ', 'marca': 'KINEMETRICS', 'PromedioLat': Decimal('1.653875'), 'PromedioDiff': Decimal('0.453137')}"
"{'estacion': 'SUNL', 'canal': 'HNE', 'marca': 'KINEMETRICS', 'PromedioLat': Decimal('1.766790'), 'PromedioDiff': Decimal('0.403690')}"
"{'estacion': 'SUNL', 'canal': 'HNN', 'marca': 'KINEMETRICS', 'PromedioLat': Decimal('1.715867'), 'PromedioDiff': Decimal('0.405904')}"
"{'estacion': 'SUNL', 'canal': 'HNZ', 'marca': 'KINEMETRICS', 'PromedioLat': Decimal('1.741697'), 'PromedioDiff': Decimal('0.400000')}"
"{'estacion': 'TAA2', 'canal': 'HNE', 'marca': 'NANOMETRICS', 'PromedioLat': Decimal('9.742435'), 'PromedioDiff': Decimal('9.597786')}"
"{'estacion': 'TAA2', 'canal': 'HNN', 'marca': 'NANOMETRICS', 'PromedioLat': Decimal('15.638376'), 'PromedioDiff': Decimal('3.479705')}"
"{'estacion': 'TAA2', 'canal': 'HNZ', 'marca': 'NANOMETRICS', 'PromedioLat': Decimal('15.208118'), 'PromedioDiff': Decimal('3.012546')}"
"{'estacion': 'TAS4', 'canal': 'HNE', 'marca': 'NANOMETRICS', 'PromedioLat': Decimal('0.764576'), 'PromedioDiff': Decimal('-0.005166')}"
"{'estacion': 'TAS4', 'canal': 'HNN', 'marca': 'NANOMETRICS', 'PromedioLat': Decimal('1.113653'), 'PromedioDiff': Decimal('-0.002952')}"
"{'estacion': 'TAS4', 'canal': 'HNZ', 'marca': 'NANOMETRICS', 'PromedioLat': Decimal('0.923247'), 'PromedioDiff': Decimal('-0.005166')}"
"{'estacion': 'TL13', 'canal': 'HNE', 'marca': 'NANOMETRICS', 'PromedioLat': Decimal('7.904059'), 'PromedioDiff': Decimal('6.711439')}"
"{'estacion': 'TL13', 'canal': 'HNN', 'marca': 'NANOMETRICS', 'PromedioLat': Decimal('7.442066'), 'PromedioDiff': Decimal('6.159410')}"
"{'estacion': 'TL13', 'canal': 'HNZ', 'marca': 'NANOMETRICS', 'PromedioLat': Decimal('7.705535'), 'PromedioDiff': Decimal('6.634686')}"
"{'estacion': 'TLS1', 'canal': 'HNE', 'marca': 'NANOMETRICS', 'PromedioLat': Decimal('7.026568'), 'PromedioDiff': Decimal('5.577860')}"
"{'estacion': 'TLS1', 'canal': 'HNN', 'marca': 'NANOMETRICS', 'PromedioLat': Decimal('7.123985'), 'PromedioDiff': Decimal('5.599262')}"
"{'estacion': 'TLS1', 'canal': 'HNZ', 'marca': 'NANOMETRICS', 'PromedioLat': Decimal('7.018450'), 'PromedioDiff': Decimal('5.611070')}"
"{'estacion': None, 'canal': None, 'marca': None, 'PromedioLat': None, 'PromedioDiff': None}"
"{'estacion': None, 'canal': None, 'marca': None, 'PromedioLat': None, 'PromedioDiff': None}"
"{'estacion': None, 'canal': None, 'marca': None, 'PromedioLat': None, 'PromedioDiff': None}"
"{'estacion': 'TS08', 'canal': 'HNE', 'marca': 'NANOMETRICS', 'PromedioLat': Decimal('0.978598'), 'PromedioDiff': Decimal('-0.003690')}"
"{'estacion': 'TS08', 'canal': 'HNN', 'marca': 'NANOMETRICS', 'PromedioLat': Decimal('1.026568'), 'PromedioDiff': Decimal('0.000000')}"
"{'estacion': 'TS08', 'canal': 'HNZ', 'marca': 'NANOMETRICS', 'PromedioLat': Decimal('0.690775'), 'PromedioDiff': Decimal('-0.005904')}"
"{'estacion': 'TS13', 'canal': 'HNE', 'marca': 'NANOMETRICS', 'PromedioLat': Decimal('0.919557'), 'PromedioDiff': Decimal('-0.004428')}"
"{'estacion': 'TS13', 'canal': 'HNN', 'marca': 'NANOMETRICS', 'PromedioLat': Decimal('0.780812'), 'PromedioDiff': Decimal('-0.004428')}"
"{'estacion': 'TS13', 'canal': 'HNZ', 'marca': 'NANOMETRICS', 'PromedioLat': Decimal('0.778598'), 'PromedioDiff': Decimal('-0.003690')}"
"{'estacion': 'TSS1', 'canal': 'HNE', 'marca': 'NANOMETRICS', 'PromedioLat': Decimal('1.011808'), 'PromedioDiff': Decimal('-0.002952')}"
"{'estacion': 'TSS1', 'canal': 'HNN', 'marca': 'NANOMETRICS', 'PromedioLat': Decimal('1.036900'), 'PromedioDiff': Decimal('-0.002214')}"
"{'estacion': 'TSS1', 'canal': 'HNZ', 'marca': 'NANOMETRICS', 'PromedioLat': Decimal('0.999262'), 'PromedioDiff': Decimal('-0.003690')}"
"{'estacion': 'PPLN', 'canal': 'HNE', 'marca': 'GURALP', 'PromedioLat': Decimal('4.082938'), 'PromedioDiff': Decimal('0.176145')}"
"{'estacion': 'PPLN', 'canal': 'HNN', 'marca': 'GURALP', 'PromedioLat': Decimal('4.066351'), 'PromedioDiff': Decimal('0.176935')}"
"{'estacion': 'PPLN', 'canal': 'HNZ', 'marca': 'GURALP', 'PromedioLat': Decimal('4.042654'), 'PromedioDiff': Decimal('0.176145')}"
